<?xml version="1.0"?>
<config xmlns:xsi="http://www.w3.org/2001/XMLSchema-instance" xsi:noNamespaceSchemaLocation="../../../../Magento/Backend/etc/system_file.xsd">
    <system>
        <tab id="fantasyworld" translate="label" sortOrder="500">
            <label>Fantasyworld</label>
        </tab>         
        <section id="fwthemesettings" translate="label" type="text" sortOrder="10" showInDefault="1" showInWebsite="1" showInStore="1">
            <label>Fantasyworld Settings</label>
            <tab>fantasyworld</tab>
            <resource>Fantasyworld_Fwtheme::configurations</resource>
            <group id="general" translate="label" type="text" sortOrder="5" showInDefault="1" showInWebsite="1" showInStore="1">
                <label>Product Information</label>
                <attribute type="expanded">1</attribute>
                <field id="version" translate="label comment" type="text" sortOrder="10" showInDefault="1" showInWebsite="1" showInStore="1">
                    <frontend_model>Fantasyworld\Fwtheme\Block\Adminhtml\System\Config\Form\Info</frontend_model>
                </field>
            </group>
            <group id="navigation_settings" translate="label" type="text" sortOrder="10" showInDefault="1" showInWebsite="1" showInStore="1">
                <label>Navigation Settings</label>
                <field id="enable" translate="label" type="select" sortOrder="10" showInDefault="1" showInWebsite="1" showInStore="1">
                    <label>Add Home Link</label>
                    <source_model>Magento\Config\Model\Config\Source\Yesno</source_model>
                </field>
            </group>
            <group id="newsletter_settings" translate="label" type="text" sortOrder="20" showInDefault="1" showInWebsite="1" showInStore="1">
                <label>Newsletter Settings</label>
                <field id="enable" translate="label" type="select" sortOrder="10" showInDefault="1" showInWebsite="1" showInStore="1">
                    <label>Enable Newsletter</label>
                    <source_model>Magento\Config\Model\Config\Source\Yesno</source_model>
                </field>
                <field id="title" translate="label" type="text" sortOrder="20" showInDefault="1" showInWebsite="1" showInStore="1">
                    <label>Newsletter Title</label>
                    <validate>required-entry</validate>
                    <depends>
                        <field id="enable">1</field>
                    </depends>
                </field>
                <field id="newsletter_static" translate="label" type="text" sortOrder="30" showInDefault="1" showInWebsite="1" showInStore="1">
                    <label>Static Block (Below Footer Newsletter)</label>
                </field>
            </group>
<!--            <group id="footer_columns" translate="label" type="text" sortOrder="30" showInDefault="1" showInWebsite="1" showInStore="1">
                <label>Footer Columns</label>
                <field id="enable_footer_columns" translate="label" type="select" sortOrder="10" showInDefault="1" showInWebsite="1" showInStore="1">
                    <label>Enable Footer Columns</label>
                    <source_model>Magento\Config\Model\Config\Source\Yesno</source_model>
                </field>
                <field id="footer_nd_column" translate="label" type="text" sortOrder="20" showInDefault="1" showInWebsite="1" showInStore="1">
                    <label>Footer 2nd Column</label>
                </field>
                <field id="footer_rd_column" translate="label" type="text" sortOrder="30" showInDefault="1" showInWebsite="1" showInStore="1">
                    <label>Footer 3rd Column</label>
                </field>
            </group>
            -->
            <group id="customcss" translate="label" sortOrder="60" showInDefault="1" showInWebsite="1" showInStore="1">
                <label>Add Custom CSS</label>
                <field id="custom_css" translate="label comment" type="textarea" sortOrder="5" showInDefault="1" showInWebsite="1" showInStore="1">
                    <label>Custom CSS 1</label>
                    <comment><![CDATA[.classname { <br/> &nbsp;&nbsp;&nbsp;width: 100%; <br/>}]]></comment>
                </field>
            </group>
        </section>
    </system>
</config>
