title,identifier,content,is_active,stores
Payments Icons,payment-icons,"<span class=""payment-icons"">
    <ul>
        <li><a href=""#""><img class=""image-responsive middle-block"" src=""{{media url=""wysiwyg/paymet/americanexpress.png""}}"" alt=""americanexpress"" /></a></li>
        <li><a href=""#""><img class=""image-responsive middle-block"" src=""{{media url=""wysiwyg/paymet/discover.png""}}"" alt=""discover"" /></a></li>
        <li><a href=""#""><img class=""image-responsive middle-block"" src=""{{media url=""wysiwyg/paymet/maestro.png""}}"" alt=""maestro"" /></a></li>
        <li><a href=""#""><img class=""image-responsive middle-block"" src=""{{media url=""wysiwyg/paymet/master.png""}}"" alt=""master"" /></a></li>
        <li><a href=""#""><img class=""image-responsive middle-block"" src=""{{media url=""wysiwyg/paymet/visa.png""}}"" alt=""visa"" /></a></li>
    </ul>
</span>",1,0
Home Slider,home-slider,"<div class=""home-slider-wrapper"">
    <div class=""home-slider-main below-padding"">
        <ul class=""home-slider"">
            <li><a href=""#""> <img class=""image-responsive middle-block"" src=""{{media url=""wysiwyg/slider/home-banner.png""}}"" alt=""home banner"" /> </a></li>
            <li style=""display: none;""><a href=""#""> <img class=""image-responsive middle-block"" src=""{{media url=""wysiwyg/slider/home-banner.png""}}"" alt=""home banner"" /> </a></li>
        </ul>
    </div>
    <script type=""text/javascript"" xml=""space"">
        require(['jquery', 'bizkickowlcarousel'], function() {
            jQuery(document).ready(function() {
                jQuery("".home-slider"").owlCarousel({
                    items: 1,
                    itemsDesktop: [1198, 1],
                    itemsDesktopSmall: [1023, 1],
                    itemsTablet: [768, 1],
                    itemsTabletSmall: [767, 1],
                    itemsMobile: [479, 1],
                    pagination: true,
                    navigationText: [""<div class='left-arrow'><i class='fa fa-angle-left'></i></div>"", ""<div class='right-arrow'><i class='fa fa-angle-right'></div>""],
                    navigation: true,
                });
                jQuery("".home-slider li"").show();
            });
        });
    </script>
</div>",1,0
Bizkick Above,bizkick-above,"{{widget type=""Magento\Cms\Block\Widget\Block"" template=""widget/static_block/default.phtml"" block_id=""home-slider""}}",1,0
Home Images Block,home-images-one,"<div class=""home-images-wrapper above-padding below-padding"">
<div class=""page-main"">
<div class=""home-image-main"">
<div class=""home-image-inner""><a href=""#""> <img class=""image-responsive middle-block"" src=""{{media url=""wysiwyg/advertisement/adv-image.png""}}"" alt=""home-image"" /> </a></div>
<div class=""home-image-inner""><a href=""#""> <img class=""image-responsive middle-block"" src=""{{media url=""wysiwyg/advertisement/adv-image.png""}}"" alt=""home-image"" /> </a></div>
<div class=""home-image-inner""><a href=""#""> <img class=""image-responsive middle-block"" src=""{{media url=""wysiwyg/advertisement/adv-image.png""}}"" alt=""home-image"" /> </a></div>
</div>
</div>
</div>",1,0
Bizkick Below,bizkick-below,"<div class=""page-main"">
{{widget type=""Magento\Catalog\Block\Product\Widget\NewWidget"" display_type=""all_products"" products_count=""10"" template=""product/widget/new/content/new_grid.phtml""}}
</div>
{{widget type=""Magento\Cms\Block\Widget\Block"" template=""widget/static_block/default.phtml"" block_id=""home-images-two""}}
{{widget type=""Magento\Cms\Block\Widget\Block"" template=""widget/static_block/default.phtml"" block_id=""home-images-one""}}
{{widget type=""Magento\Cms\Block\Widget\Block"" template=""widget/static_block/default.phtml"" block_id=""home-extension-slider""}}
{{widget type=""Magento\Cms\Block\Widget\Block"" template=""widget/static_block/default.phtml"" block_id=""home-services""}}
{{widget type=""Magento\Cms\Block\Widget\Block"" template=""widget/static_block/default.phtml"" block_id=""home_testimonials""}}
<div class=""page-main"">
{{widget type=""Magento\CatalogWidget\Block\Product\ProductsList"" title=""Featured Products"" products_count=""5"" template=""product/widget/content/grid.phtml"" conditions_encoded=""a:2:[i:1;a:4:[s:4:`type`;s:50:`Magento|CatalogWidget|Model|Rule|Condition|Combine`;s:10:`aggregator`;s:3:`all`;s:5:`value`;s:1:`1`;s:9:`new_child`;s:0:``;]s:4:`1--1`;a:4:[s:4:`type`;s:50:`Magento|CatalogWidget|Model|Rule|Condition|Product`;s:9:`attribute`;s:11:`is_featured`;s:8:`operator`;s:2:`==`;s:5:`value`;s:1:`1`;]]""}}</div>
{{widget type=""Magento\Cms\Block\Widget\Block"" template=""widget/static_block/default.phtml"" block_id=""home_blogs""}}
{{widget type=""Magento\Cms\Block\Widget\Block"" template=""widget/static_block/default.phtml"" block_id=""home-brands""}}",1,0
Home Testimonials,home_testimonials,"<div class=""hb-wrapper above-padding below-padding above-margin below-margin"">
    <div class=""page-main"">
        <div class=""page-title-main""><strong>Testimonials</strong></div>
        <div class=""hb-row"">
            <div class=""hb-testimonoals"">
                <ul id=""hb-testimonials"">
                    <li style=""display: none;"">
                        <div class=""hb-inner"">
                            <div class=""hb-content"">
                                <p>Lorem ipsum is dolor sit amet. Lorem ipsum is dolor sit amet. Lorem ipsum is dolor sit amet. Lorem ipsum is dolor sit amet. Lorem ipsum is dolor sit amet. Lorem ipsum is dolor sit amet.</p>
                            </div>
                            <div class=""hb-image"">
                                <img src=""{{media url=""wysiwyg/testimonial/testimonial.png""}}"" alt=""testimonial-image"" />
                                     <span>
                                    <h4>Joh Doe</h4>
                                    <p>Web Designer</p>
                                </span>
                            </div>
                        </div>
                    </li>
                    <li style=""display: none;"">
                        <div class=""hb-inner"">
                            <div class=""hb-content"">
                                <p>Lorem ipsum is dolor sit amet. Lorem ipsum is dolor sit amet. Lorem ipsum is dolor sit amet. Lorem ipsum is dolor sit amet. Lorem ipsum is dolor sit amet. Lorem ipsum is dolor sit amet.</p>
                            </div>
                            <div class=""hb-image"">
                                <img src=""{{media url=""wysiwyg/testimonial/testimonial.png""}}"" alt=""testimonial-image"" />
                                     <span>
                                    <h4>Joh Doe</h4>
                                    <p>Web Designer</p>
                                </span>
                            </div>
                        </div>
                    </li>
                    <li style=""display: none;"">
                        <div class=""hb-inner"">
                            <div class=""hb-content"">
                                <p>Lorem ipsum is dolor sit amet. Lorem ipsum is dolor sit amet. Lorem ipsum is dolor sit amet. Lorem ipsum is dolor sit amet. Lorem ipsum is dolor sit amet. Lorem ipsum is dolor sit amet.</p>
                            </div>
                            <div class=""hb-image"">
                                <img src=""{{media url=""wysiwyg/testimonial/testimonial.png""}}"" alt=""testimonial-image"" />
                                     <span>
                                    <h4>Joh Doe</h4>
                                    <p>Web Designer</p>
                                </span>
                            </div>
                        </div>
                    </li>
                </ul>
                <script type=""text/javascript"" xml=""space"">
                    require(['jquery', 'bizkickowlcarousel'], function() {
                        jQuery(document).ready(function() {
                            jQuery(""#hb-testimonials"").owlCarousel({
                                items: 2,
                                itemsDesktop: [1198, 2],
                                itemsDesktopSmall: [1023, 2],
                                itemsTablet: [768, 1],
                                itemsTabletSmall: [767, 1],
                                itemsMobile: [479, 1],
                                pagination: false,
                                navigationText: [""<div class='left-arrow'><i class='fa fa-angle-left'></i></div>"", ""<div class='right-arrow'><i class='fa fa-angle-right'></div>""],
                                navigation: true,
                            });
                            jQuery(""#hb-testimonials li"").show();
                        });
                    });
                </script>
            </div>
        </div>
    </div>
</div>",1,0
Home Brands,home-brands,"<div class=""brands-wrapper above-padding below-padding"">
    <div class=""page-main"">
        <div class=""brands-main"">
            <ul class=""brands-slider"">
                <li style=""display: none;""><a href=""#""> <img src=""{{media url=""wysiwyg/brand/brand.png""}}"" alt=""brand-image"" /> </a></li>
                <li style=""display: none;""><a href=""#""> <img src=""{{media url=""wysiwyg/brand/brand.png""}}"" alt=""brand-image"" /> </a></li>
                <li style=""display: none;""><a href=""#""> <img src=""{{media url=""wysiwyg/brand/brand.png""}}"" alt=""brand-image"" /> </a></li>
                <li style=""display: none;""><a href=""#""> <img src=""{{media url=""wysiwyg/brand/brand.png""}}"" alt=""brand-image"" /> </a></li>
                <li style=""display: none;""><a href=""#""> <img src=""{{media url=""wysiwyg/brand/brand.png""}}"" alt=""brand-image"" /> </a></li>
                <li style=""display: none;""><a href=""#""> <img src=""{{media url=""wysiwyg/brand/brand.png""}}"" alt=""brand-image"" /> </a></li>
                <li style=""display: none;""><a href=""#""> <img src=""{{media url=""wysiwyg/brand/brand.png""}}"" alt=""brand-image"" /> </a></li>
                <li style=""display: none;""><a href=""#""> <img src=""{{media url=""wysiwyg/brand/brand.png""}}"" alt=""brand-image"" /> </a></li>
            </ul>
            <script type=""text/javascript"" xml=""space"">
                require(['jquery', 'bizkickowlcarousel'], function() {
                    jQuery(document).ready(function() {
                        jQuery("".brands-slider"").owlCarousel({
                            items: 6,
                            itemsDesktop: [1198, 5],
                            itemsDesktopSmall: [1023, 5],
                            itemsTablet: [768, 4],
                            itemsTabletSmall: [767, 4],
                            itemsMobile: [479, 2],
                            pagination: false,
                            navigationText: [""<div class='left-arrow'><i class='fa fa-angle-left'></i></div>"", ""<div class='right-arrow'><i class='fa fa-angle-right'></div>""],
                            navigation: false,
                        });
                        jQuery("".brands-slider li"").show();
                    });
                });
            </script>
        </div>
    </div>
</div>",1,0
Footer My Account Block,footer_myaccount,"<ul class=""footer links"">
<li class=""nav item""><a href=""#"">My Account</a></li>
<li class=""nav item""><a href=""#"">Login</a></li>
<li class=""nav item""><a href=""#"">My Cart</a></li>
<li class=""nav item""><a href=""#"">My Compare</a></li>
<li class=""nav item""><a href=""#"">My Wishlist</a></li>
</ul>",1,0
Footer Payment & My Account,footer_payment_shipping,"<ul class=""footer links"">
<li class=""nav item""><a href=""#"">Terms of Use</a></li>
<li class=""nav item""><a href=""#"">Payment Methods</a></li>
<li class=""nav item""><a href=""#"">Shipping Guide</a></li>
<li class=""nav item""><a href=""#"">Order Tracking</a></li>
<li class=""nav item""><a href=""#"">Return % Exchange</a></li>
</ul>",1,0
Home Blogs,home_blogs,"<div class=""hb-wrapper above-padding below-padding above-margin"">
    <div class=""page-main"">
        <div class=""page-title-main""><strong>Latest Posts</strong></div>
        <div class=""hb-row"">
            <div class=""hb-blog"">
                <ul id=""hb-blogs"">
                    <li style=""display: none;"">
                        <div class=""hb-inner"">
                            <div class=""hb-img""><img src=""{{media url=""wysiwyg/blog/blog.png""}}"" alt=""blog-image"" /></div>
                            <div class=""hb-content"">
                                <h3>Lorem ipsum is dolor sit amet.</h3>
                                <p>Lorem ipsum is dolor sit amet. Lorem ipsum is dolor sit amet. Lorem ipsum is dolor sit amet. Lorem ipsum is dolor sit amet. Lorem ipsum is dolor sit amet. Lorem ipsum is dolor sit amet.</p>
                                <span> 25 Jul 2016 </span></div>
                        </div>
                    </li>
                    <li style=""display: none;"">
                        <div class=""hb-inner"">
                            <div class=""hb-img""><img src=""{{media url=""wysiwyg/blog/blog.png""}}"" alt=""blog-image"" /></div>
                            <div class=""hb-content"">
                                <h3>Lorem ipsum is dolor sit amet.</h3>
                                <p>Lorem ipsum is dolor sit amet. Lorem ipsum is dolor sit amet. Lorem ipsum is dolor sit amet. Lorem ipsum is dolor sit amet. Lorem ipsum is dolor sit amet. Lorem ipsum is dolor sit amet.</p>
                                <span> 25 Jul 2016 </span></div>
                        </div>
                    </li>
                    <li style=""display: none;"">
                        <div class=""hb-inner"">
                            <div class=""hb-img""><img src=""{{media url=""wysiwyg/blog/blog.png""}}"" alt=""blog-image"" /></div>
                            <div class=""hb-content"">
                                <h3>Lorem ipsum is dolor sit amet.</h3>
                                <p>Lorem ipsum is dolor sit amet. Lorem ipsum is dolor sit amet. Lorem ipsum is dolor sit amet. Lorem ipsum is dolor sit amet. Lorem ipsum is dolor sit amet. Lorem ipsum is dolor sit amet.</p>
                                <span> 25 Jul 2016 </span></div>
                        </div>
                    </li>
                </ul>
                <script type=""text/javascript"" xml=""space"">
                    require(['jquery', 'bizkickowlcarousel'], function() {
                        jQuery(document).ready(function() {
                            jQuery(""#hb-blogs"").owlCarousel({
                                items: 2,
                                itemsDesktop: [1198, 2],
                                itemsDesktopSmall: [1023, 2],
                                itemsTablet: [768, 1],
                                itemsTabletSmall: [767, 1],
                                itemsMobile: [479, 1],
                                pagination: false,
                                navigationText: [""<div class='left-arrow'><i class='fa fa-angle-left'></i></div>"", ""<div class='right-arrow'><i class='fa fa-angle-right'></div>""],
                                navigation: true,
                            });
                            jQuery(""#hb-blogs li"").show();
                        });
                    });
                </script>
            </div>
        </div>
    </div>
</div>",1,0
Footer Socials Block,footer-socials,"<div class=""socials-block"">
            <a href=""#""><em class=""fa fa-facebook""></em></a>
            <a href=""#""><em class=""fa fa-twitter""></em></a>
            <a href=""#""><em class=""fa fa-linkedin""></em></a>
            <a href=""#""><em class=""fa fa-vimeo""></em></a>
            <a href=""#""><em class=""fa fa-google""></em></a>
        </div>",1,0
Home Images Block,home-images-two,"<div class=""home-parallax-block above-margin below-margin"">
  <h1>Bizkick Free Responsive Magento 2 Theme
  </h1>
  <a class=""action primary"" href=""http://www.hiddentechies.com/bizkick-responsive-theme-magento-2.html"" target=""_blank"">Download Now</a>

</div>",1,0
Home Services Block,home-services,"<div class=""home-advantage-block"">
    <div class=""page-main"">
        <div class=""hab-row"">
            <div class=""hab-inner"">
                <div class=""home-advantage-block-inner"">
                    <span>
                        <em class=""fa fa-usd""></em>
                    </span>
                    <p>30-Day Money Back</p>
                </div>
            </div>
            <div class=""hab-inner"">
                <div class=""home-advantage-block-inner"">
                    <span>
                        <em class=""fa fa-headphones""></em>
                    </span>
                    <p>1 year Free Support</p>
                </div>
            </div>
            <div class=""hab-inner"">
                <div class=""home-advantage-block-inner"">
                    <span>
                        <em class=""fa fa-undo""></em>
                    </span>
                    <p>Free Lifetime Update</p>
                </div>
            </div>
            <div class=""hab-inner"">
                <div class=""home-advantage-block-inner"">
                    <span>
                        <em class=""fa fa-thumbs-up""></em>
                    </span>
                    <p>100% Satisfaction</p>
                </div>
            </div>
        </div>
    </div>
</div>",1,0
Home Extension Slider,home-extension-slider,"<div class=""home-fullwidth-block above-margin below-margin"">
    <div class=""page-main"">
        <h1>Find Your Next Magento 2 Extension</h1>
        <ul class=""extension-slider"" style=""list-style: none; padding: 0; margin: 0;"">
            <li>
                <h1>Most Viewed Products Widget</h1>
                <p>This Magento 2 extension will display the most viewed products on your website to make it easy for your customer in selecting the best products.</p>
                <a class=""action primary"" href=""http://www.hiddentechies.com/most-viewed-products-widget.html"" target=""_blank"">Download Now</a>
            </li>
            <li style=""display: none;"">
                <h1>Repeat Customer Notifications</h1>
                <p>This Magento 2 extension will help you to start getting notifications regarding your repeat customers. Treat them better every time when they purchase any product from your store.</p>
                <a class=""action primary"" href=""http://www.hiddentechies.com/repeat-customer-notifications.html"" target=""_blank"">Download Now</a>
            </li>
            <li style=""display: none;"">
                <h1>Index Management</h1>
                <p>This Magento 2 extension will help you to process index management from backend panel. It will automatically update or re-index if any data changes.</p>
                <a class=""action primary"" href=""http://www.hiddentechies.com/index-management.html"" target=""_blank"">Download Now</a>
            </li>
            <li style=""display: none;"">
                <h1>New Order Notification</h1>
                <p>This Magento 2 extension helps admin to start getting notifications regarding new order. It will save your time through emails to check new orders without logging in to your site.</p>
                <a class=""action primary"" href=""http://www.hiddentechies.com/new-order-notification.html"" target=""_blank"">Download Now</a>
            </li>
            <li style=""display: none;"">
                <h1>Bestsellers Product Widget</h1>
                <p>This Magento 2 extension will replace the default Magento search functionality with custom search engine powered by Google.</p>
                <a class=""action primary"" href=""http://www.hiddentechies.com/google-cse-integration.html"" target=""_blank"">Download Now</a>
            </li>
            <li style=""display: none;"">
                <h1>Bestsellers Product Widget</h1>
                <p>This Magento 2 extension will provide the ideal option for placing best selling products anywhere on your store.</p>
                <a class=""action primary"" href=""http://www.hiddentechies.com/bestsellers-product-widget.html"" target=""_blank"">Download Now</a>
            </li>
        </ul>
        <script type=""text/javascript"" xml=""space"">
            require(['jquery', 'bizkickowlcarousel'], function() {
                jQuery(document).ready(function() {
                    jQuery("".extension-slider"").owlCarousel({
                        items: 1,
                        itemsDesktop: [1198, 1],
                        itemsDesktopSmall: [1023, 1],
                        itemsTablet: [768, 1],
                        itemsTabletSmall: [767, 1],
                        itemsMobile: [479, 1],
                        pagination: false,
                        navigation: false,
                        autoPlay: true,
                    });
                    jQuery("".extension-slider li"").show();
                });
            });
        </script>
    </div>
</div>",1,0
